ID,SMILES,Is_Strained,Is_Hetero,Delta_E_Truth,Error_kcal
MOL_0,C,False,False,53551.62438653195,2.624386531947951
MOL_1,CC,False,False,53546.733432507346,-2.266567492653815
MOL_2,CCC,False,False,53550.33371834554,1.333718345534403
MOL_3,CCCC,False,False,53550.418264659325,1.4182646593280905
MOL_4,C1CC1,True,False,53561.07920926037,12.079209260374299
MOL_5,C1CCC1,False,False,53547.87168923071,-1.1283107692904886
MOL_6,C1CCCC1,False,False,53550.32600583576,1.3260058357638111
MOL_7,C1CCCCC1,False,False,53550.33957236402,1.3395723640173902
MOL_8,O,False,True,53554.54762569645,5.547625696452269
MOL_9,CO,False,True,53553.85798423927,4.857984239271443
MOL_10,CCO,False,True,53551.376626370264,2.376626370263522
MOL_11,CCCO,False,True,53556.847271652514,7.847271652515758
MOL_12,C1CO1,True,True,53571.7153327588,22.715332758803928
MOL_13,C1CCO1,False,True,53556.102568260285,7.102568260288204
MOL_14,C1CCCO1,False,True,53556.55565259117,7.5556525911671
MOL_15,N,False,True,53562.10385745338,13.103857453382624
MOL_16,CN,False,True,53558.60409792145,9.60409792145209
MOL_17,CCN,False,True,53555.62400001856,6.624000018563258
MOL_18,CCCN,False,True,53558.046237473834,9.04623747383825
MOL_19,C1CN1,True,True,53570.48764031457,21.487640314573625
MOL_20,C1CCN1,False,True,53557.14973419112,8.149734191124761
MOL_21,C1CCCN1,False,True,53554.516129199634,5.516129199639213
MOL_22,C=O,False,True,53555.31043238316,6.31043238316182
MOL_23,CC=O,False,True,53555.92467631512,6.924676315123271
MOL_24,CC(=O)C,False,True,53555.04220629345,6.042206293458147
MOL_25,C1CC(=O)C1,False,True,53558.342613304725,9.342613304725669
MOL_26,C#N,False,True,53555.35358063763,6.353580637634566
MOL_27,CC#N,False,True,53557.61216592144,8.612165921441816
MOL_28,CCC#N,False,True,53556.16338430903,7.163384309036516
MOL_29,C1C(C#N)C1,True,True,53571.9461865342,22.94618653420697
MOL_30,CC(C)C,False,False,53548.49239853355,-0.5076014664534855
MOL_31,CC(C)CO,False,True,53559.02137340911,10.021373409107918
MOL_32,CC(C)CN,False,True,53558.868834880435,9.868834880440769
MOL_33,CC(C)C(=O)O,False,True,53559.755113705716,10.755113705719957
MOL_34,C,False,False,53549.289084121716,0.2890841217128073
MOL_35,CC,False,False,53546.89845909645,-2.1015409035550134
MOL_36,CCC,False,False,53548.82022004739,-0.1797799526121164
MOL_37,CCCC,False,False,53550.68582131309,1.6858213130881927
MOL_38,C1CC1,True,False,53568.73058818827,19.730588188268754
MOL_39,C1CCC1,False,False,53547.62412627637,-1.3758737236245613
MOL_40,C1CCCC1,False,False,53549.433053326946,0.43305332694577586
MOL_41,C1CCCCC1,False,False,53545.18305717506,-3.8169428249388315
MOL_42,O,False,True,53556.88011704512,7.880117045123752
MOL_43,CO,False,True,53556.07969382788,7.0796938278850305
MOL_44,CCO,False,True,53558.90863912491,9.908639124911517
MOL_45,CCCO,False,True,53559.47851567956,10.478515679567542
MOL_46,C1CO1,True,True,53573.340976359024,24.340976359030144
MOL_47,C1CCO1,False,True,53557.6234619793,8.623461979302391
MOL_48,C1CCCO1,False,True,53560.76279741571,11.762797415710983
MOL_49,N,False,True,53558.222376127276,9.222376127277279
MOL_50,CN,False,True,53555.67221353991,6.672213539913268
MOL_51,CCN,False,True,53554.75838269695,5.758382696955609
MOL_52,CCCN,False,True,53557.89268796775,8.892687967756922
MOL_53,C1CN1,True,True,53574.16686701302,25.166867013022593
MOL_54,C1CCN1,False,True,53560.08083409798,11.08083409798176
MOL_55,C1CCCN1,False,True,53556.439076026945,7.439076026946032
MOL_56,C=O,False,True,53558.31210630127,9.312106301272545
MOL_57,CC=O,False,True,53559.71324805985,10.713248059851987
MOL_58,CC(=O)C,False,True,53554.01053096665,5.010530966646623
MOL_59,C1CC(=O)C1,False,True,53554.23759253283,5.237592532835842
MOL_60,C#N,False,True,53555.55134997721,6.551349977216222
MOL_61,CC#N,False,True,53556.543557212004,7.543557212007334
MOL_62,CCC#N,False,True,53554.83389772727,5.833897727272543
MOL_63,C1C(C#N)C1,True,True,53573.68675949077,24.686759490766537
MOL_64,CC(C)C,False,False,53548.97654031336,-0.023459686639916988
MOL_65,CC(C)CO,False,True,53557.58477625728,8.584776257287519
MOL_66,CC(C)CN,False,True,53557.83678416862,8.83678416862559
MOL_67,CC(C)C(=O)O,False,True,53555.64093003831,6.640930038314552
MOL_68,C,False,False,53549.5610704343,0.561070434295015
MOL_69,CC,False,False,53551.291388568054,2.291388568052909
MOL_70,CCC,False,False,53549.28632146358,0.28632146358090493
MOL_71,CCCC,False,False,53544.06899076987,-4.93100923013207
MOL_72,C1CC1,True,False,53565.62763156201,16.62763156201254
MOL_73,C1CCC1,False,False,53546.288122638034,-2.7118773619629386
MOL_74,C1CCCC1,False,False,53545.05531845156,-3.9446815484375914
MOL_75,C1CCCCC1,False,False,53548.43648794679,-0.5635120532074519
MOL_76,O,False,True,53561.72904472454,12.7290447245441
MOL_77,CO,False,True,53558.99642197699,9.996421976995581
MOL_78,CCO,False,True,53556.09888644344,7.098886443443468
MOL_79,CCCO,False,True,53556.24721364375,7.247213643755561
MOL_80,C1CO1,True,True,53572.14110053773,23.141100537729727
MOL_81,C1CCO1,False,True,53558.353614240674,9.353614240680082
MOL_82,C1CCCO1,False,True,53553.88537433523,4.88537433523212
MOL_83,N,False,True,53554.63997732976,5.639977329765134
MOL_84,CN,False,True,53560.18904587808,11.189045878086379
MOL_85,CCN,False,True,53556.396052010445,7.396052010448699
MOL_86,CCCN,False,True,53557.633113685886,8.633113685887665
MOL_87,C1CN1,True,True,53574.10530823474,25.105308234748748
MOL_88,C1CCN1,False,True,53557.50592051224,8.505920512238573
MOL_89,C1CCCN1,False,True,53555.946987667536,6.946987667540188
MOL_90,C=O,False,True,53556.901157767265,7.901157767269967
MOL_91,CC=O,False,True,53555.459076876745,6.459076876749473
MOL_92,CC(=O)C,False,True,53555.481910746705,6.481910746704046
MOL_93,C1CC(=O)C1,False,True,53557.628523330015,8.628523330018979
MOL_94,C#N,False,True,53553.04307849521,4.043078495217119
MOL_95,CC#N,False,True,53557.771086974186,8.771086974185673
MOL_96,CCC#N,False,True,53554.91804560757,5.9180456075696934
MOL_97,C1C(C#N)C1,True,True,53572.0571416643,23.057141664301003
MOL_98,CC(C)C,False,False,53547.27828465449,-1.7217153455150183
MOL_99,CC(C)CO,False,True,53556.174434129876,7.17443412987725
MOL_100,CC(C)CN,False,True,53558.60872323872,9.608723238724401
MOL_101,CC(C)C(=O)O,False,True,53554.461453640186,5.461453640191291
MOL_102,C,False,False,53549.46242838967,0.4624283896671915
MOL_103,CC,False,False,53546.961406726514,-2.0385932734877925
MOL_104,CCC,False,False,53548.171183405786,-0.8288165942108425
MOL_105,CCCC,False,False,53551.27259107697,2.2725910769726814
MOL_106,C1CC1,True,False,53565.45129618321,16.451296183204775
MOL_107,C1CCC1,False,False,53549.248183239186,0.24818323918375182
MOL_108,C1CCCC1,False,False,53553.5096355482,4.509635548202988
MOL_109,C1CCCCC1,False,False,53549.1219951359,0.12199513590179048
MOL_110,O,False,True,53555.17900514784,6.179005147844371
MOL_111,CO,False,True,53553.4002652013,4.400265201306928
MOL_112,CCO,False,True,53557.65246328719,8.652463287193102
MOL_113,CCCO,False,True,53558.501659382164,9.501659382165217
MOL_114,C1CO1,True,True,53571.11925936619,22.11925936619347
MOL_115,C1CCO1,False,True,53558.5547880788,9.554788078804107
MOL_116,C1CCCO1,False,True,53557.37480920444,8.374809204444317
MOL_117,N,False,True,53559.73314968411,10.73314968410976
MOL_118,CN,False,True,53553.96289869252,4.962898692523609
MOL_119,CCN,False,True,53557.22714518133,8.227145181333809
MOL_120,CCCN,False,True,53556.36227789621,7.362277896212611
MOL_121,C1CN1,True,True,53571.55869452089,22.55869452089431
MOL_122,C1CCN1,False,True,53556.803862405206,7.803862405209488
MOL_123,C1CCCN1,False,True,53553.87249245474,4.872492454744438
MOL_124,C=O,False,True,53556.79264555938,7.792645559381451
MOL_125,CC=O,False,True,53557.46840946086,8.468409460864988
MOL_126,CC(=O)C,False,True,53555.60375913469,6.603759134695943
MOL_127,C1CC(=O)C1,False,True,53558.93390449858,9.933904498587902
MOL_128,C#N,False,True,53558.00316789862,9.00316789862183
MOL_129,CC#N,False,True,53559.135687593145,10.135687593150571
MOL_130,CCC#N,False,True,53561.05516350397,12.055163503969718
MOL_131,C1C(C#N)C1,True,True,53574.033736572404,25.033736572407093
MOL_132,CC(C)C,False,False,53552.43664474662,3.4366447466134344
MOL_133,CC(C)CO,False,True,53558.25114013687,9.251140136868065
MOL_134,CC(C)CN,False,True,53555.99448978113,6.99448978112864
MOL_135,CC(C)C(=O)O,False,True,53557.95063055035,8.950630550359064
MOL_136,C,False,False,53547.15068958525,-1.8493104147496657
MOL_137,CC,False,False,53551.08224714929,2.082247149284971
MOL_138,CCC,False,False,53547.964440760814,-1.035559239188014
MOL_139,CCCC,False,False,53545.00185568823,-3.9981443117742916
MOL_140,C1CC1,True,False,53561.971711122955,12.971711122957771
MOL_141,C1CCC1,False,False,53550.62388652653,1.6238865265339564
MOL_142,C1CCCC1,False,False,53548.58679752703,-0.41320247296850465
MOL_143,C1CCCCC1,False,False,53549.71029764992,0.7102976499234723
MOL_144,O,False,True,53559.13190401612,10.131904016123404
MOL_145,CO,False,True,53556.00726718191,7.00726718190934
MOL_146,CCO,False,True,53554.41780701865,5.417807018654651
MOL_147,CCCO,False,True,53558.89632966253,9.896329662533667
MOL_148,C1CO1,True,True,53571.58773097398,22.587730973984442
MOL_149,C1CCO1,False,True,53556.645255284806,7.645255284806452
MOL_150,C1CCCO1,False,True,53556.45616967507,7.456169675071524
MOL_151,N,False,True,53559.42849576174,10.428495761744237
MOL_152,CN,False,True,53558.274244356806,9.274244356806689
MOL_153,CCN,False,True,53558.02863521494,9.028635214944549
MOL_154,CCCN,False,True,53556.12277869413,7.122778694132627
MOL_155,C1CN1,True,True,53576.41345486232,27.413454862324627
MOL_156,C1CCN1,False,True,53555.049266767026,6.049266767030813
MOL_157,C1CCCN1,False,True,53554.1957872323,5.195787232299571
MOL_158,C=O,False,True,53560.054273109374,11.05427310937925
MOL_159,CC=O,False,True,53557.166958545764,8.166958545763919
MOL_160,CC(=O)C,False,True,53558.52055504811,9.520555048112348
MOL_161,C1CC(=O)C1,False,True,53557.052562673205,8.05256267320988
MOL_162,C#N,False,True,53555.718505856676,6.718505856676852
MOL_163,CC#N,False,True,53555.13511569979,6.135115699794428
MOL_164,CCC#N,False,True,53558.84633043471,9.846330434708978
MOL_165,C1C(C#N)C1,True,True,53569.140940967554,20.140940967554503
MOL_166,CC(C)C,False,False,53551.88058102167,2.880581021675703
MOL_167,CC(C)CO,False,True,53556.1548713682,7.154871368202642
MOL_168,CC(C)CN,False,True,53557.15555161756,8.155551617559931
MOL_169,CC(C)C(=O)O,False,True,53554.985764968864,5.985764968865531
MOL_170,C,False,False,53551.85895668806,2.8589566880583965
MOL_171,CC,False,False,53546.51997672268,-2.480023277318036
MOL_172,CCC,False,False,53549.324090709095,0.3240907090958097
MOL_173,CCCC,False,False,53550.073481318555,1.0734813185576397
MOL_174,C1CC1,True,False,53565.002650133734,16.002650133736662
MOL_175,C1CCC1,False,False,53547.618134428536,-1.3818655714675832
MOL_176,C1CCCC1,False,False,53551.87436984591,2.874369845904528
MOL_177,C1CCCCC1,False,False,53548.82043348707,-0.17956651293122736
MOL_178,O,False,True,53557.71283316896,8.71283316896376
MOL_179,CO,False,True,53557.55732674121,8.55732674121233
MOL_180,CCO,False,True,53553.270054304136,4.270054304140608
MOL_181,CCCO,False,True,53556.9055600615,7.905560061509266
MOL_182,C1CO1,True,True,53572.85526781073,23.85526781073569
MOL_183,C1CCO1,False,True,53553.191550057396,4.1915500573959585
MOL_184,C1CCCO1,False,True,53558.18313128286,9.183131282859497
MOL_185,N,False,True,53556.12127681424,7.121276814248591
MOL_186,CN,False,True,53555.96229537838,6.962295378379881
MOL_187,CCN,False,True,53558.88417069046,9.884170690456672
MOL_188,CCCN,False,True,53558.0234293598,9.023429359799142
MOL_189,C1CN1,True,True,53570.506614548125,21.506614548127526
MOL_190,C1CCN1,False,True,53560.76027877051,11.760278770511826
MOL_191,C1CCCN1,False,True,53553.27902935351,4.279029353509363
MOL_192,C=O,False,True,53557.72878623223,8.728786232231306
MOL_193,CC=O,False,True,53557.914024009435,8.914024009438803
MOL_194,CC(=O)C,False,True,53557.5357911607,8.535791160701535
MOL_195,C1CC(=O)C1,False,True,53553.732420322725,4.732420322725188
MOL_196,C#N,False,True,53558.38690835805,9.386908358053486
MOL_197,CC#N,False,True,53559.1145665802,10.114566580209116
MOL_198,CCC#N,False,True,53560.147712407204,11.147712407203974
MOL_199,C1C(C#N)C1,True,True,53578.7159598616,29.715959861600652
MOL_200,CC(C)C,False,False,53549.13809605883,0.13809605882920392
MOL_201,CC(C)CO,False,True,53557.17819317387,8.178193173879288
MOL_202,CC(C)CN,False,True,53555.592462625435,6.592462625437071
MOL_203,CC(C)C(=O)O,False,True,53557.13171906765,8.13171906765348
MOL_204,C,False,False,53550.38915233933,1.3891523393350576
MOL_205,CC,False,False,53549.82128370731,0.8212837073075155
MOL_206,CCC,False,False,53550.4597974524,1.4597974523968291
MOL_207,CCCC,False,False,53548.72750667727,-0.27249332273137067
MOL_208,C1CC1,True,False,53564.72603054438,15.726030544379013
MOL_209,C1CCC1,False,False,53546.79876217339,-2.2012378266057584
MOL_210,C1CCCC1,False,False,53548.05091067538,-0.949089324620293
MOL_211,C1CCCCC1,False,False,53547.75301726701,-1.2469827329900054
MOL_212,O,False,True,53556.58655115921,7.586551159214678
MOL_213,CO,False,True,53555.342708472184,6.342708472186093
MOL_214,CCO,False,True,53557.3279660354,8.327966035402348
MOL_215,CCCO,False,True,53557.02293329731,8.022933297310237
MOL_216,C1CO1,True,True,53573.1509884473,24.150988447302996
MOL_217,C1CCO1,False,True,53560.248758900925,11.248758900925878
MOL_218,C1CCCO1,False,True,53559.11443604068,10.114436040688512
MOL_219,N,False,True,53556.28893855053,7.288938550536952
MOL_220,CN,False,True,53557.747638753615,8.747638753618295
MOL_221,CCN,False,True,53556.081700410294,7.081700410299689
MOL_222,CCCN,False,True,53558.55305804033,9.553058040329901
MOL_223,C1CN1,True,True,53574.04635517438,25.0463551743857
MOL_224,C1CCN1,False,True,53554.86300216688,5.8630021668812695
MOL_225,C1CCCN1,False,True,53556.886829532006,7.8868295320100605
MOL_226,C=O,False,True,53558.61359532771,9.613595327711455
MOL_227,CC=O,False,True,53556.91420689802,7.9142068980237825
MOL_228,CC(=O)C,False,True,53559.25075937162,10.250759371628257
MOL_229,C1CC(=O)C1,False,True,53558.65063605662,9.650636056621359
MOL_230,C#N,False,True,53555.36103105291,6.361031052914575
MOL_231,CC#N,False,True,53559.68986681815,10.68986681815489
MOL_232,CCC#N,False,True,53558.514827117215,9.514827117218708
MOL_233,C1C(C#N)C1,True,True,53575.55262951882,26.552629518820225
MOL_234,CC(C)C,False,False,53549.91409541754,0.9140954175406519
MOL_235,CC(C)CO,False,True,53555.615644646954,6.615644646957756
MOL_236,CC(C)CN,False,True,53557.569081952075,8.569081952074615
MOL_237,CC(C)C(=O)O,False,True,53555.91070009814,6.910700098144246
MOL_238,C,False,False,53548.84611450588,-0.15388549411519037
MOL_239,CC,False,False,53549.256992161405,0.2569921614013437
MOL_240,CCC,False,False,53551.262504569444,2.262504569440734
MOL_241,CCCC,False,False,53550.462086985164,1.462086985161091
MOL_242,C1CC1,True,False,53564.201782357384,15.20178235738536
MOL_243,C1CCC1,False,False,53546.06223322287,-2.93776677713042
MOL_244,C1CCCC1,False,False,53550.9896011874,1.989601187401004
MOL_245,C1CCCCC1,False,False,53549.7985596962,0.7985596962047177
MOL_246,O,False,True,53558.43742954313,9.437429543136982
MOL_247,CO,False,True,53558.031915868516,9.031915868521281
MOL_248,CCO,False,True,53556.59599868178,7.595998681784824
MOL_249,CCCO,False,True,53557.5792546025,8.579254602501399
MOL_250,C1CO1,True,True,53571.66256213324,22.66256213324432
MOL_251,C1CCO1,False,True,53557.10200855312,8.102008553123431
MOL_252,C1CCCO1,False,True,53556.595851020655,7.595851020659734
MOL_253,N,False,True,53558.600701918534,9.600701918540418
MOL_254,CN,False,True,53556.15209569942,7.152095699420748
MOL_255,CCN,False,True,53558.61163521557,9.611635215573349
MOL_256,CCCN,False,True,53558.70291764915,9.702917649150834
MOL_257,C1CN1,True,True,53576.313372686825,27.31337268682558
MOL_258,C1CCN1,False,True,53553.844359883646,4.844359883646108
MOL_259,C1CCCN1,False,True,53554.0969945151,5.096994515102917
MOL_260,C=O,False,True,53556.597953419034,7.5979534190347096
MOL_261,CC=O,False,True,53557.296490576504,8.296490576505525
MOL_262,CC(=O)C,False,True,53561.39520698388,12.395206983880946
MOL_263,C1CC(=O)C1,False,True,53558.2801160769,9.280116076902182
MOL_264,C#N,False,True,53556.38481923225,7.384819232250726
MOL_265,CC#N,False,True,53557.67259133758,8.672591337577375
MOL_266,CCC#N,False,True,53552.52682247335,3.5268224733548132
MOL_267,C1C(C#N)C1,True,True,53569.59829047122,20.598290471221162
MOL_268,CC(C)C,False,False,53546.26834610951,-2.73165389049113
MOL_269,CC(C)CO,False,True,53555.27018519864,6.270185198641947
MOL_270,CC(C)CN,False,True,53555.322685044004,6.3226850440099485
MOL_271,CC(C)C(=O)O,False,True,53556.304212704104,7.30421270411051
MOL_272,C,False,False,53545.089280848806,-3.9107191511911905
MOL_273,CC,False,False,53550.662644543205,1.6626445432022607
MOL_274,CCC,False,False,53550.80833653858,1.8083365385837387
MOL_275,CCCC,False,False,53548.694553605594,-0.305446394406443
MOL_276,C1CC1,True,False,53566.13994490149,17.139944901492836
MOL_277,C1CCC1,False,False,53551.29624326973,2.296243269733955
MOL_278,C1CCCC1,False,False,53548.726335995576,-0.2736640044273653
MOL_279,C1CCCCC1,False,False,53546.88676004259,-2.113239957411065
MOL_280,O,False,True,53554.65622994516,5.656229945162613
MOL_281,CO,False,True,53555.08198283009,6.081982830093706
MOL_282,CCO,False,True,53558.36110998086,9.361109980863388
MOL_283,CCCO,False,True,53554.36398933399,5.363989333994181
MOL_284,C1CO1,True,True,53572.088662148635,23.088662148639333
MOL_285,C1CCO1,False,True,53556.03784787308,7.037847873083433
MOL_286,C1CCCO1,False,True,53554.83571019634,5.835710196342541
MOL_287,N,False,True,53558.47058753288,9.470587532882835
MOL_288,CN,False,True,53556.04149736162,7.0414973616208885
MOL_289,CCN,False,True,53557.576316555394,8.576316555400219
MOL_290,CCCN,False,True,53559.238642915305,10.23864291531109
MOL_291,C1CN1,True,True,53573.957423805994,24.957423805993642
MOL_292,C1CCN1,False,True,53557.39216416056,8.39216416056527
MOL_293,C1CCCN1,False,True,53556.545961122276,7.545961122280481
MOL_294,C=O,False,True,53557.094083683936,8.094083683937141
MOL_295,CC=O,False,True,53557.29095105053,8.290951050528976
MOL_296,CC(=O)C,False,True,53555.547577711455,6.547577711459762
MOL_297,C1CC(=O)C1,False,True,53556.6455953245,7.645595324507934
MOL_298,C#N,False,True,53557.35214888496,8.352148884957629
MOL_299,CC#N,False,True,53559.74665061722,10.746650617220707
MOL_300,CCC#N,False,True,53558.98638903803,9.986389038029092
MOL_301,C1C(C#N)C1,True,True,53570.41554553175,21.415545531757587
MOL_302,CC(C)C,False,False,53549.453089738,0.45308973800230834
MOL_303,CC(C)CO,False,True,53559.412153298006,10.412153298010635
MOL_304,CC(C)CN,False,True,53553.49071104592,4.490711045923655
MOL_305,CC(C)C(=O)O,False,True,53558.05719241997,9.057192419968358
MOL_306,C,False,False,53544.87657402861,-4.123425971392172
MOL_307,CC,False,False,53548.65477971676,-0.345220283243516
MOL_308,CCC,False,False,53550.38282842962,1.382828429614677
MOL_309,CCCC,False,False,53548.19176941878,-0.8082305812187021
MOL_310,C1CC1,True,False,53567.78498662612,18.784986626114154
MOL_311,C1CCC1,False,False,53551.3933232446,2.3933232445971417
MOL_312,C1CCCC1,False,False,53548.04596617301,-0.9540338269904608
MOL_313,C1CCCCC1,False,False,53552.33319284484,3.333192844841762
MOL_314,O,False,True,53555.081873276766,6.081873276771648
MOL_315,CO,False,True,53558.90992408015,9.90992408015307
MOL_316,CCO,False,True,53556.91650340223,7.916503402230098
MOL_317,CCCO,False,True,53558.483653557894,9.483653557894206
MOL_318,C1CO1,True,True,53570.85001278575,21.850012785747534
MOL_319,C1CCO1,False,True,53557.24631955146,8.246319551460749
MOL_320,C1CCCO1,False,True,53556.88747242362,7.887472423628505
MOL_321,N,False,True,53556.64532833609,7.645328336091783
MOL_322,CN,False,True,53560.10373244981,11.103732449811687
MOL_323,CCN,False,True,53555.80143488405,6.80143488405754
MOL_324,CCCN,False,True,53556.4944057265,7.494405726504397
MOL_325,C1CN1,True,True,53570.21400352135,21.21400352135703
MOL_326,C1CCN1,False,True,53559.54822507607,10.548225076070157
MOL_327,C1CCCN1,False,True,53556.88401552289,7.8840155228927244
MOL_328,C=O,False,True,53556.66249775783,7.662497757834354
MOL_329,CC=O,False,True,53555.802623205665,6.802623205669841
MOL_330,CC(=O)C,False,True,53557.38667141489,8.386671414891673
MOL_331,C1CC(=O)C1,False,True,53555.22188299338,6.2218829933812785
MOL_332,C#N,False,True,53556.49307796332,7.493077963325938
MOL_333,CC#N,False,True,53556.01576724054,7.015767240540149
MOL_334,CCC#N,False,True,53557.627373303505,8.62737330351101
MOL_335,C1C(C#N)C1,True,True,53572.16816950032,23.168169500323742
MOL_336,CC(C)C,False,False,53546.8944548048,-2.1055451952004107
MOL_337,CC(C)CO,False,True,53556.08760424522,7.087604245224456
MOL_338,CC(C)CN,False,True,53560.15513670904,11.155136709049529
MOL_339,CC(C)C(=O)O,False,True,53557.33852183507,8.33852183506701
MOL_340,C,False,False,53549.102344971,0.10234497100057016
MOL_341,CC,False,False,53549.52143117316,0.5214311731635207
MOL_342,CCC,False,False,53548.10113296127,-0.8988670387356344
MOL_343,CCCC,False,False,53547.43423608218,-1.5657639178163905
MOL_344,C1CC1,True,False,53562.82139419294,13.82139419294198
MOL_345,C1CCC1,False,False,53549.14184418984,0.14184418983932426
MOL_346,C1CCCC1,False,False,53551.01114216186,2.0111421618568324
MOL_347,C1CCCCC1,False,False,53548.03706790811,-0.9629320918897825
MOL_348,O,False,True,53555.018209489856,6.018209489855371
MOL_349,CO,False,True,53560.742446020035,11.742446020034793
MOL_350,CCO,False,True,53557.85781129812,8.857811298125489
MOL_351,CCCO,False,True,53558.89907080914,9.899070809136692
MOL_352,C1CO1,True,True,53574.4345689355,25.434568935504174
MOL_353,C1CCO1,False,True,53557.70191024441,8.701910244411907
MOL_354,C1CCCO1,False,True,53561.17855079822,12.1785507982203
MOL_355,N,False,True,53559.51808968063,10.518089680626261
MOL_356,CN,False,True,53556.37717894055,7.377178940557311
MOL_357,CCN,False,True,53556.000077230136,7.00007723014019
MOL_358,CCCN,False,True,53558.39083391865,9.390833918655643
MOL_359,C1CN1,True,True,53573.06440566671,24.064405666713665
MOL_360,C1CCN1,False,True,53557.70564166352,8.705641663518502
MOL_361,C1CCCN1,False,True,53560.04769003177,11.047690031779124
MOL_362,C=O,False,True,53554.9402594302,5.940259430201619
MOL_363,CC=O,False,True,53558.09951732188,9.099517321885793
MOL_364,CC(=O)C,False,True,53555.495733807096,6.495733807102454
MOL_365,C1CC(=O)C1,False,True,53556.30841799188,7.308417991881392
MOL_366,C#N,False,True,53558.69654210737,9.696542107373071
MOL_367,CC#N,False,True,53561.39119418783,12.391194187834687
MOL_368,CCC#N,False,True,53558.89029538855,9.890295388549301
MOL_369,C1C(C#N)C1,True,True,53572.19844205324,23.198442053242253
MOL_370,CC(C)C,False,False,53550.605788749934,1.6057887499324097
MOL_371,CC(C)CO,False,True,53558.318916786215,9.318916786215786
MOL_372,CC(C)CN,False,True,53558.54110437549,9.541104375487183
MOL_373,CC(C)C(=O)O,False,True,53559.04287808047,10.042878080473866
MOL_374,C,False,False,53551.15827611555,2.158276115548557
MOL_375,CC,False,False,53549.7117258627,0.7117258626968299
MOL_376,CCC,False,False,53549.01808832978,0.018088329776420317
MOL_377,CCCC,False,False,53545.52094263171,-3.4790573682880805
MOL_378,C1CC1,True,False,53566.63068564909,17.630685649090402
MOL_379,C1CCC1,False,False,53552.07062778319,3.0706277831932365
MOL_380,C1CCCC1,False,False,53549.28077768185,0.2807776818525559
MOL_381,C1CCCCC1,False,False,53547.93225214326,-1.0677478567355752
MOL_382,O,False,True,53555.71628610576,6.716286105759098
MOL_383,CO,False,True,53557.29942887705,8.299428877054225
MOL_384,CCO,False,True,53559.22858737155,10.228587371551477
MOL_385,CCCO,False,True,53556.00614701396,7.006147013967244
MOL_386,C1CO1,True,True,53571.9305955405,22.93059554050352
MOL_387,C1CCO1,False,True,53558.23208221639,9.23208221639228
MOL_388,C1CCCO1,False,True,53552.943941940786,3.943941940792647
MOL_389,N,False,True,53557.5457475771,8.54574757710813
MOL_390,CN,False,True,53555.76413097399,6.764130973996461
MOL_391,CCN,False,True,53555.92282170793,6.922821707931371
MOL_392,CCCN,False,True,53555.81140495206,6.811404952061178
MOL_393,C1CN1,True,True,53576.168284668325,27.168284668326987
MOL_394,C1CCN1,False,True,53556.75246659512,7.752466595126659
MOL_395,C1CCCN1,False,True,53555.51985057311,6.519850573111511
MOL_396,C=O,False,True,53556.79759258214,7.797592582141696
MOL_397,CC=O,False,True,53557.97382938783,8.9738293878373
MOL_398,CC(=O)C,False,True,53560.92981117093,11.92981117093387
MOL_399,C1CC(=O)C1,False,True,53556.7683009852,7.768300985202449
MOL_400,C#N,False,True,53560.05918724583,11.059187245837798
MOL_401,CC#N,False,True,53560.89937937114,11.89937937114622
MOL_402,CCC#N,False,True,53556.884594368,7.884594368002748
MOL_403,C1C(C#N)C1,True,True,53576.47605060762,27.476050607626174
MOL_404,CC(C)C,False,False,53550.43746786725,1.4374678672443761
MOL_405,CC(C)CO,False,True,53556.48943806094,7.489438060946321
MOL_406,CC(C)CN,False,True,53559.04253139847,10.042531398467013
MOL_407,CC(C)C(=O)O,False,True,53556.295617878495,7.295617878494755
MOL_408,C,False,False,53547.913154863134,-1.0868451368690981
MOL_409,CC,False,False,53549.68800984537,0.6880098453686703
MOL_410,CCC,False,False,53549.977814832775,0.977814832773517
MOL_411,CCCC,False,False,53549.13804413413,0.13804413413106487
MOL_412,C1CC1,True,False,53564.90800437039,15.90800437039061
MOL_413,C1CCC1,False,False,53546.79441466954,-2.2055853304623345
MOL_414,C1CCCC1,False,False,53548.385135845005,-0.6148641549952867
MOL_415,C1CCCCC1,False,False,53548.70998612624,-0.2900138737595664
MOL_416,O,False,True,53557.26750088714,8.26750088714222
MOL_417,CO,False,True,53559.13602949404,10.136029494041834
MOL_418,CCO,False,True,53554.67986455267,5.679864552678255
MOL_419,CCCO,False,True,53555.068555875674,6.068555875674871
MOL_420,C1CO1,True,True,53572.081701693394,23.081701693394443
MOL_421,C1CCO1,False,True,53561.249735778685,12.24973577868506
MOL_422,C1CCCO1,False,True,53555.318265079746,6.318265079746663
MOL_423,N,False,True,53557.0018087093,8.001808709301445
MOL_424,CN,False,True,53556.965149426156,7.965149426157507
MOL_425,CCN,False,True,53556.49640103339,7.496401033395461
MOL_426,CCCN,False,True,53556.0901051971,7.090105197101568
MOL_427,C1CN1,True,True,53570.39945388826,21.399453888266667
MOL_428,C1CCN1,False,True,53554.64294115283,5.642941152829639
MOL_429,C1CCCN1,False,True,53557.25563898758,8.255638987585879
MOL_430,C=O,False,True,53559.56642228633,10.5664222863304
MOL_431,CC=O,False,True,53558.78096678092,9.780966780923348
MOL_432,CC(=O)C,False,True,53557.84985966812,8.849859668118187
MOL_433,C1CC(=O)C1,False,True,53556.027807766,7.027807765997537
MOL_434,C#N,False,True,53559.599567950485,10.599567950485357
MOL_435,CC#N,False,True,53554.24949663081,5.24949663081097
MOL_436,CCC#N,False,True,53556.85483760295,7.854837602956089
MOL_437,C1C(C#N)C1,True,True,53571.37039848764,22.3703984876473
MOL_438,CC(C)C,False,False,53549.13518497154,0.13518497154613637
MOL_439,CC(C)CO,False,True,53555.53522763345,6.5352276334542925
MOL_440,CC(C)CN,False,True,53554.813964556466,5.813964556472426
MOL_441,CC(C)C(=O)O,False,True,53555.142187392106,6.142187392106813
MOL_442,C,False,False,53548.1528865191,-0.8471134809004947
MOL_443,CC,False,False,53547.757292489725,-1.2427075102722034
MOL_444,CCC,False,False,53550.096891467336,1.096891467338138
MOL_445,CCCC,False,False,53547.92642076726,-1.0735792327379827
MOL_446,C1CC1,True,False,53564.20069109797,15.200691097968107
MOL_447,C1CCC1,False,False,53547.81736187862,-1.1826381213798147
MOL_448,C1CCCC1,False,False,53547.22193531751,-1.778064682487
MOL_449,C1CCCCC1,False,False,53549.8969292775,0.8969292774981044
MOL_450,O,False,True,53557.656238020514,8.656238020519325
MOL_451,CO,False,True,53557.24628050436,8.24628050436538
MOL_452,CCO,False,True,53558.40058965415,9.400589654149046
MOL_453,CCCO,False,True,53556.05978150664,7.059781506643483
MOL_454,C1CO1,True,True,53572.21317391634,23.213173916343386
MOL_455,C1CCO1,False,True,53558.43121075708,9.431210757085607
MOL_456,C1CCCO1,False,True,53558.673013183456,9.673013183459677
MOL_457,N,False,True,53558.54167411431,9.541674114318312
MOL_458,CN,False,True,53557.263526596944,8.26352659694934
MOL_459,CCN,False,True,53556.7419493175,7.741949317497368
MOL_460,CCCN,False,True,53557.3852529832,8.385252983202719
MOL_461,C1CN1,True,True,53574.046889101985,25.046889101990175
MOL_462,C1CCN1,False,True,53555.14134875802,6.141348758020983
MOL_463,C1CCCN1,False,True,53557.00814351505,8.008143515053657
MOL_464,C=O,False,True,53557.77315949815,8.773159498154667
MOL_465,CC=O,False,True,53559.6984558491,10.698455849107594
MOL_466,CC(=O)C,False,True,53561.175724593115,12.175724593115582
MOL_467,C1CC(=O)C1,False,True,53556.80662076741,7.80662076741903
MOL_468,C#N,False,True,53558.62043464752,9.620434647526283
MOL_469,CC#N,False,True,53558.45290427029,9.452904270296061
MOL_470,CCC#N,False,True,53557.14312321107,8.143123211072764
MOL_471,C1C(C#N)C1,True,True,53575.062479374064,26.062479374065926
MOL_472,CC(C)C,False,False,53552.523570365825,3.5235703658233084
MOL_473,CC(C)CO,False,True,53555.420857354664,6.42085735466844
MOL_474,CC(C)CN,False,True,53554.84743338517,5.847433385172845
MOL_475,CC(C)C(=O)O,False,True,53555.46170528018,6.461705280181701
MOL_476,C,False,False,53551.36412779216,2.364127792165453
MOL_477,CC,False,False,53550.2901920317,1.2901920316984279
MOL_478,CCC,False,False,53550.65670906058,1.6567090605795587
MOL_479,CCCC,False,False,53549.53325736445,0.533257364449365
MOL_480,C1CC1,True,False,53565.02740989309,16.027409893091466
MOL_481,C1CCC1,False,False,53547.355235311035,-1.644764688962523
MOL_482,C1CCCC1,False,False,53548.83952771644,-0.16047228356087123
MOL_483,C1CCCCC1,False,False,53545.05599056043,-3.944009439565166
MOL_484,O,False,True,53557.34630363336,8.346303633362803
MOL_485,CO,False,True,53557.10734667416,8.107346674163548
MOL_486,CCO,False,True,53557.216129425666,8.216129425667331
MOL_487,CCCO,False,True,53558.17228418345,9.172284183449676
MOL_488,C1CO1,True,True,53573.27103860578,24.271038605781776
MOL_489,C1CCO1,False,True,53555.69756903768,6.697569037679523
MOL_490,C1CCCO1,False,True,53559.241642185094,10.24164218509484
MOL_491,N,False,True,53558.65189870565,9.65189870565377
MOL_492,CN,False,True,53560.880377719506,11.880377719509475
MOL_493,CCN,False,True,53555.70419803312,6.704198033124926
MOL_494,CCCN,False,True,53554.912915788525,5.912915788525894
MOL_495,C1CN1,True,True,53573.30105767499,24.301057674991018
MOL_496,C1CCN1,False,True,53553.86810015203,4.868100152036892
MOL_497,C1CCCN1,False,True,53554.24889397297,5.2488939729723825
MOL_498,C=O,False,True,53556.81590488037,7.815904880375574
MOL_499,CC=O,False,True,53557.48485681496,8.484856814960319
MOL_500,CC(=O)C,False,True,53555.92482747956,6.924827479564665
MOL_501,C1CC(=O)C1,False,True,53561.262384106754,12.262384106754636
MOL_502,C#N,False,True,53553.259995351655,4.2599953516546725
MOL_503,CC#N,False,True,53558.07707192314,9.077071923138558
MOL_504,CCC#N,False,True,53560.37251849056,11.372518490564596
MOL_505,C1C(C#N)C1,True,True,53574.410895615736,25.410895615740728
MOL_506,CC(C)C,False,False,53548.45925174155,-0.5407482584505751
MOL_507,CC(C)CO,False,True,53557.856395314346,8.856395314348143
MOL_508,CC(C)CN,False,True,53556.45183387742,7.451833877421682
MOL_509,CC(C)C(=O)O,False,True,53557.008235948895,8.00823594889976
MOL_510,C,False,False,53552.410496005985,3.4104960059871945
MOL_511,CC,False,False,53547.83254413524,-1.1674558647539883
MOL_512,CCC,False,False,53551.23710761732,2.2371076173246545
MOL_513,CCCC,False,False,53548.24282117486,-0.7571788251379901
MOL_514,C1CC1,True,False,53564.11290791706,15.112907917059287
MOL_515,C1CCC1,False,False,53548.71168265756,-0.28831734243859275
MOL_516,C1CCCC1,False,False,53550.60823544963,1.608235449628694
MOL_517,C1CCCCC1,False,False,53553.63530710101,4.635307101006208
MOL_518,O,False,True,53557.416768177776,8.416768177782494
MOL_519,CO,False,True,53555.77103164468,6.7710316446850385
MOL_520,CCO,False,True,53558.5390838948,9.539083894803005
MOL_521,CCCO,False,True,53556.89063568201,7.890635682011668
MOL_522,C1CO1,True,True,53573.134754972874,24.134754972877687
MOL_523,C1CCO1,False,True,53554.66968883085,5.669688830851047
MOL_524,C1CCCO1,False,True,53557.98091492313,8.980914923134165
MOL_525,N,False,True,53556.53301381609,7.533013816095632
MOL_526,CN,False,True,53559.51445772767,10.514457727675873
MOL_527,CCN,False,True,53556.02882301075,7.028823010750435
MOL_528,CCCN,False,True,53555.57671345698,6.576713456987792
MOL_529,C1CN1,True,True,53577.28067800293,28.28067800293311
MOL_530,C1CCN1,False,True,53556.49559400462,7.495594004626394
MOL_531,C1CCCN1,False,True,53558.85108887517,9.851088875174543
MOL_532,C=O,False,True,53555.496197111344,6.496197111347421
MOL_533,CC=O,False,True,53556.455600501606,7.4556005016086395
MOL_534,CC(=O)C,False,True,53555.33843717963,6.338437179632788
MOL_535,C1CC(=O)C1,False,True,53559.49445124844,10.49445124844658
MOL_536,C#N,False,True,53555.35008284946,6.350082849462895
MOL_537,CC#N,False,True,53554.374327501726,5.374327501732085
MOL_538,CCC#N,False,True,53555.17439544533,6.1743954453293295
MOL_539,C1C(C#N)C1,True,True,53574.52023616445,25.520236164453525
MOL_540,CC(C)C,False,False,53548.950332806526,-0.04966719347713607
MOL_541,CC(C)CO,False,True,53556.617487968084,7.617487968084418
MOL_542,CC(C)CN,False,True,53553.963526681924,4.963526681927838
MOL_543,CC(C)C(=O)O,False,True,53557.23835956743,8.2383595674332
MOL_544,C,False,False,53550.628591713445,1.628591713442511
MOL_545,CC,False,False,53548.68943361008,-0.3105663899154389
MOL_546,CCC,False,False,53548.122633053375,-0.8773669466260459
MOL_547,CCCC,False,False,53547.99668841001,-1.0033115899958467
MOL_548,C1CC1,True,False,53563.582369901465,14.582369901467128
MOL_549,C1CCC1,False,False,53552.44504710405,3.445047104047805
MOL_550,C1CCCC1,False,False,53549.39099607358,0.39099607357876776
MOL_551,C1CCCCC1,False,False,53547.71636904976,-1.2836309502346683
MOL_552,O,False,True,53557.99906031004,8.999060310038109
MOL_553,CO,False,True,53559.30882793459,10.308827934591523
MOL_554,CCO,False,True,53556.39827590849,7.39827590849298
MOL_555,CCCO,False,True,53557.835774788655,8.835774788659423
MOL_556,C1CO1,True,True,53571.67335262581,22.673352625814164
MOL_557,C1CCO1,False,True,53556.95344986725,7.953449867255088
MOL_558,C1CCCO1,False,True,53557.625149817235,8.625149817237743
MOL_559,N,False,True,53554.711450341965,5.711450341965497
MOL_560,CN,False,True,53561.839803117124,12.839803117127634
MOL_561,CCN,False,True,53555.99843109719,6.998431097195477
MOL_562,CCCN,False,True,53556.47489498562,7.474894985622322
MOL_563,C1CN1,True,True,53571.93400743663,22.93400743663194
MOL_564,C1CCN1,False,True,53559.389107210984,10.389107210984424
MOL_565,C1CCCN1,False,True,53554.12233349448,5.122333494486341
MOL_566,C=O,False,True,53558.78171083849,9.78171083849634
MOL_567,CC=O,False,True,53557.43137934599,8.431379345991704
MOL_568,CC(=O)C,False,True,53559.645834951094,10.645834951098246
MOL_569,C1CC(=O)C1,False,True,53554.659050200404,5.659050200408008
MOL_570,C#N,False,True,53555.83266834284,6.832668342841792
MOL_571,CC#N,False,True,53558.53541510728,9.53541510728454
MOL_572,CCC#N,False,True,53558.242433144136,9.24243314413938
MOL_573,C1C(C#N)C1,True,True,53571.30718930648,22.307189306477856
MOL_574,CC(C)C,False,False,53548.50119854394,-0.49880145605956594
MOL_575,CC(C)CO,False,True,53558.69561831427,9.695618314268229
MOL_576,CC(C)CN,False,True,53555.11869387191,6.118693871917442
MOL_577,CC(C)C(=O)O,False,True,53557.95731344368,8.957313443683404
MOL_578,C,False,False,53549.29996548569,0.2999654856939033
MOL_579,CC,False,False,53547.273944177614,-1.726055822389025
MOL_580,CCC,False,False,53549.91402952603,0.9140295260315262
MOL_581,CCCC,False,False,53547.15306521791,-1.846934782085037
MOL_582,C1CC1,True,False,53565.610040129024,16.610040129025165
MOL_583,C1CCC1,False,False,53550.27076021756,1.2707602175580466
MOL_584,C1CCCC1,False,False,53545.82771330142,-3.1722866985809253
MOL_585,C1CCCCC1,False,False,53551.06643231074,2.0664323107425813
MOL_586,O,False,True,53555.955898904765,6.955898904771627
MOL_587,CO,False,True,53556.46962219704,7.469622197042272
MOL_588,CCO,False,True,53557.47089978793,8.470899787933368
MOL_589,CCCO,False,True,53555.29243371777,6.29243371776824
MOL_590,C1CO1,True,True,53573.24032571382,24.240325713826913
MOL_591,C1CCO1,False,True,53555.008560863396,6.0085608633986585
MOL_592,C1CCCO1,False,True,53561.75998111407,12.75998111406889
MOL_593,N,False,True,53562.92627694497,13.92627694497305
MOL_594,CN,False,True,53558.358132147165,9.35813214716525
MOL_595,CCN,False,True,53558.98062977772,9.980629777722779
MOL_596,CCCN,False,True,53555.412767424015,6.412767424018862
MOL_597,C1CN1,True,True,53570.66581710838,21.665817108386747
MOL_598,C1CCN1,False,True,53555.50735470928,6.5073547092878545
MOL_599,C1CCCN1,False,True,53556.78977999958,7.789779999577314
MOL_600,C=O,False,True,53558.85201079015,9.852010790155365
MOL_601,CC=O,False,True,53558.609171328164,9.609171328168332
MOL_602,CC(=O)C,False,True,53555.29534257731,6.295342577311306
MOL_603,C1CC(=O)C1,False,True,53552.57651468903,3.5765146890391097
MOL_604,C#N,False,True,53557.27726172129,8.277261721292756
MOL_605,CC#N,False,True,53555.42984374785,6.42984374785013
MOL_606,CCC#N,False,True,53559.46678545494,10.46678545494407
MOL_607,C1C(C#N)C1,True,True,53576.71662386613,27.716623866134515
MOL_608,CC(C)C,False,False,53549.61285801602,0.6128580160220193
MOL_609,CC(C)CO,False,True,53555.396004783695,6.396004783697722
MOL_610,CC(C)CN,False,True,53558.64667965911,9.64667965911435
MOL_611,CC(C)C(=O)O,False,True,53558.52924481223,9.529244812229887
MOL_612,C,False,False,53547.47665994106,-1.523340058942838
MOL_613,CC,False,False,53548.389217914824,-0.6107820851759327
MOL_614,CCC,False,False,53549.14235358534,0.14235358533586837
MOL_615,CCCC,False,False,53546.48103975619,-2.5189602438101573
MOL_616,C1CC1,True,False,53565.4739539606,16.473953960598834
MOL_617,C1CCC1,False,False,53547.74047768453,-1.2595223154726434
MOL_618,C1CCCC1,False,False,53547.2823967117,-1.7176032883013417
MOL_619,C1CCCCC1,False,False,53548.70813355447,-0.29186644552561947
MOL_620,O,False,True,53560.28503298208,11.285032982082479
MOL_621,CO,False,True,53555.641915759785,6.641915759785517
MOL_622,CCO,False,True,53555.18268534948,6.182685349478623
MOL_623,CCCO,False,True,53554.318843905705,5.318843905706831
MOL_624,C1CO1,True,True,53573.85292544861,24.852925448617615
MOL_625,C1CCO1,False,True,53557.02887480031,8.028874800307063
MOL_626,C1CCCO1,False,True,53560.03109179272,11.0310917927244
MOL_627,N,False,True,53558.30641914412,9.306419144126496
MOL_628,CN,False,True,53558.246052374016,9.246052374019246
MOL_629,CCN,False,True,53562.84160817356,13.841608173567431
MOL_630,CCCN,False,True,53557.0659147427,8.065914742699961
MOL_631,C1CN1,True,True,53571.68389702712,22.683897027122054
MOL_632,C1CCN1,False,True,53558.2693571034,9.269357103408279
MOL_633,C1CCCN1,False,True,53555.62270294875,6.622702948750949
MOL_634,C=O,False,True,53559.96941711946,10.969417119462651
MOL_635,CC=O,False,True,53556.66271190253,7.662711902534769
MOL_636,CC(=O)C,False,True,53554.43155998615,5.431559986155724
MOL_637,C1CC(=O)C1,False,True,53558.15440461177,9.15440461177423
MOL_638,C#N,False,True,53555.49962206362,6.499622063620807
MOL_639,CC#N,False,True,53557.389400521206,8.389400521206243
MOL_640,CCC#N,False,True,53556.96722976922,7.967229769226586
MOL_641,C1C(C#N)C1,True,True,53576.81893981337,27.818939813373937
MOL_642,CC(C)C,False,False,53546.280693087145,-2.7193069128542304
MOL_643,CC(C)CO,False,True,53554.278407698905,5.278407698906896
MOL_644,CC(C)CN,False,True,53559.46451492342,10.464514923426684
MOL_645,CC(C)C(=O)O,False,True,53556.17590316715,7.1759031671573705
MOL_646,C,False,False,53545.53483092337,-3.4651690766349366
MOL_647,CC,False,False,53549.96020772999,0.9602077299921059
MOL_648,CCC,False,False,53548.970010486315,-0.029989513682817957
MOL_649,CCCC,False,False,53549.0729003077,0.07290030769927414
MOL_650,C1CC1,True,False,53565.5050350126,16.505035012593503
MOL_651,C1CCC1,False,False,53548.071108824166,-0.9288911758343473
MOL_652,C1CCCC1,False,False,53546.72395563704,-2.276044362956228
MOL_653,C1CCCCC1,False,False,53551.2981291858,2.298129185803726
MOL_654,O,False,True,53557.180393749244,8.180393749245574
MOL_655,CO,False,True,53558.73639831794,9.736398317940864
MOL_656,CCO,False,True,53558.35273027643,9.352730276430451
MOL_657,CCCO,False,True,53560.20642837303,11.206428373035157
MOL_658,C1CO1,True,True,53569.71966343612,20.719663436118868
MOL_659,C1CCO1,False,True,53556.76729725574,7.767297255744347
MOL_660,C1CCCO1,False,True,53556.94558906903,7.945589069032911
MOL_661,N,False,True,53554.91807139816,5.91807139816807
MOL_662,CN,False,True,53556.512564597535,7.512564597536454
MOL_663,CCN,False,True,53556.87544499737,7.8754449973733385
MOL_664,CCCN,False,True,53555.44644814892,6.446448148918908
MOL_665,C1CN1,True,True,53571.43954479116,22.43954479116168
MOL_666,C1CCN1,False,True,53556.24804017597,7.248040175974008
MOL_667,C1CCCN1,False,True,53558.0290530116,9.029053011606806
MOL_668,C=O,False,True,53555.289796231955,6.289796231954867
MOL_669,CC=O,False,True,53559.67111247593,10.671112475933041
MOL_670,CC(=O)C,False,True,53557.82933052588,8.829330525878463
MOL_671,C1CC(=O)C1,False,True,53553.3298983008,4.32989830080419
MOL_672,C#N,False,True,53560.17282678684,11.17282678684188
MOL_673,CC#N,False,True,53561.53952386128,12.539523861275974
MOL_674,CCC#N,False,True,53558.53866829628,9.538668296280493
MOL_675,C1C(C#N)C1,True,True,53574.33159859139,25.331598591388836
MOL_676,CC(C)C,False,False,53548.658540900506,-0.34145909949092673
MOL_677,CC(C)CO,False,True,53562.22193024388,13.221930243887705
MOL_678,CC(C)CN,False,True,53557.05660660994,8.056606609943406
MOL_679,CC(C)C(=O)O,False,True,53555.64679261427,6.646792614277254
MOL_680,C,False,False,53549.71727234548,0.7172723454821108
MOL_681,CC,False,False,53549.39232042288,0.3923204228763201
MOL_682,CCC,False,False,53547.47069605313,-1.5293039468667669
MOL_683,CCCC,False,False,53547.012695429614,-1.9873045703830523
MOL_684,C1CC1,True,False,53567.97617536771,18.976175367711996
MOL_685,C1CCC1,False,False,53544.83872467499,-4.161275325007787
MOL_686,C1CCCC1,False,False,53548.612198572686,-0.38780142731057476
MOL_687,C1CCCCC1,False,False,53546.49638344431,-2.5036165556868193
MOL_688,O,False,True,53556.77038365726,7.770383657266952
MOL_689,CO,False,True,53559.71155218404,10.711552184043102
MOL_690,CCO,False,True,53556.6396927868,7.6396927867989115
MOL_691,CCCO,False,True,53556.768070410544,7.768070410549312
MOL_692,C1CO1,True,True,53573.81067769865,24.81067769865498
MOL_693,C1CCO1,False,True,53556.1091271978,7.109127197801178
MOL_694,C1CCCO1,False,True,53559.52941399375,10.529413993750675
MOL_695,N,False,True,53558.00538623641,9.00538623641094
MOL_696,CN,False,True,53555.93680121701,6.936801217014823
MOL_697,CCN,False,True,53555.95683751931,6.956837519313
MOL_698,CCCN,False,True,53554.28814994983,5.288149949834945
MOL_699,C1CN1,True,True,53573.92039197269,24.920391972697296
MOL_700,C1CCN1,False,True,53560.08029326931,11.08029326931455
MOL_701,C1CCCN1,False,True,53553.57844147283,4.578441472837111
MOL_702,C=O,False,True,53558.981383296974,9.981383296974837
MOL_703,CC=O,False,True,53559.326528099766,10.326528099771657
MOL_704,CC(=O)C,False,True,53557.67077144898,8.670771448982556
MOL_705,C1CC(=O)C1,False,True,53557.76638903845,8.766389038456479
MOL_706,C#N,False,True,53556.24443305482,7.244433054823055
MOL_707,CC#N,False,True,53558.579064409925,9.579064409925067
MOL_708,CCC#N,False,True,53557.87582054719,8.875820547192282
MOL_709,C1C(C#N)C1,True,True,53574.271010927856,25.271010927856373
MOL_710,CC(C)C,False,False,53548.43793144403,-0.562068555968014
MOL_711,CC(C)CO,False,True,53559.10735228792,10.107352287927437
MOL_712,CC(C)CN,False,True,53554.31571548164,5.315715481643929
MOL_713,CC(C)C(=O)O,False,True,53554.198511942166,5.198511942166343
MOL_714,C,False,False,53547.2769501121,-1.7230498879028509
MOL_715,CC,False,False,53548.669746790816,-0.330253209184435
MOL_716,CCC,False,False,53548.554433519916,-0.44556648008088007
MOL_717,CCCC,False,False,53549.24461962303,0.2446196230302046
MOL_718,C1CC1,True,False,53566.78710780015,17.78710780014774
MOL_719,C1CCC1,False,False,53550.00681916009,1.006819160090595
MOL_720,C1CCCC1,False,False,53548.004459470794,-0.9955405292056786
MOL_721,C1CCCCC1,False,False,53547.4916844579,-1.5083155421036836
MOL_722,O,False,True,53555.73485766893,6.7348576689357476
MOL_723,CO,False,True,53555.67106355109,6.67106355108973
MOL_724,CCO,False,True,53558.02738988009,9.027389880088853
MOL_725,CCCO,False,True,53559.09873471732,10.098734717323971
MOL_726,C1CO1,True,True,53575.06020430913,26.060204309132438
MOL_727,C1CCO1,False,True,53556.051364574916,7.05136457491981
MOL_728,C1CCCO1,False,True,53558.17407994949,9.174079949492642
MOL_729,N,False,True,53558.3650846763,9.365084676300535
MOL_730,CN,False,True,53557.0409439855,8.040943985499988
MOL_731,CCN,False,True,53554.38232895046,5.3823289504633705
MOL_732,CCCN,False,True,53556.95953595735,7.959535957355052
MOL_733,C1CN1,True,True,53573.34985631396,24.349856313959044
MOL_734,C1CCN1,False,True,53557.29831968611,8.298319686114553
MOL_735,C1CCCN1,False,True,53555.64066606686,6.640666066862104
MOL_736,C=O,False,True,53557.12319766813,8.123197668134303
MOL_737,CC=O,False,True,53555.0413046501,6.041304650099134
MOL_738,CC(=O)C,False,True,53561.588432424316,12.588432424319008
MOL_739,C1CC(=O)C1,False,True,53556.916262767096,7.916262767100939
MOL_740,C#N,False,True,53561.135531071064,12.13553107106567
MOL_741,CC#N,False,True,53560.005357485345,11.005357485346524
MOL_742,CCC#N,False,True,53557.844813008545,8.844813008549192
MOL_743,C1C(C#N)C1,True,True,53570.75376831188,21.753768311882425
MOL_744,CC(C)C,False,False,53548.75480063984,-0.24519936015459523
MOL_745,CC(C)CO,False,True,53555.75277770294,6.752777702942659
MOL_746,CC(C)CN,False,True,53560.071788770445,11.07178877044672
MOL_747,CC(C)C(=O)O,False,True,53559.08737201542,10.087372015425377
MOL_748,C,False,False,53547.508695510056,-1.4913044899458905
MOL_749,CC,False,False,53551.245629308905,2.245629308904231
MOL_750,CCC,False,False,53549.777183300335,0.7771833003326629
MOL_751,CCCC,False,False,53546.74649705191,-2.2535029480952975
MOL_752,C1CC1,True,False,53565.1743682344,16.17436823439978
MOL_753,C1CCC1,False,False,53550.674660479475,1.6746604794750786
MOL_754,C1CCCC1,False,False,53550.50135404976,1.5013540497584459
MOL_755,C1CCCCC1,False,False,53548.59159127394,-0.4084087260650514
MOL_756,O,False,True,53555.698142266156,6.698142266155165
MOL_757,CO,False,True,53556.994710779276,7.994710779280948
MOL_758,CCO,False,True,53557.324390384885,8.324390384886113
MOL_759,CCCO,False,True,53556.74967055978,7.749670559780679
MOL_760,C1CO1,True,True,53572.924919233454,23.924919233455324
MOL_761,C1CCO1,False,True,53555.569556874216,6.569556874216696
MOL_762,C1CCCO1,False,True,53552.05699992352,3.0569999235226044
MOL_763,N,False,True,53556.78680942679,7.786809426794101
MOL_764,CN,False,True,53558.95395461258,9.953954612587662
MOL_765,CCN,False,True,53556.19395587785,7.193955877852181
MOL_766,CCCN,False,True,53557.63683275063,8.636832750631612
MOL_767,C1CN1,True,True,53575.29935833498,26.299358334986835
MOL_768,C1CCN1,False,True,53557.75379683498,8.75379683497846
MOL_769,C1CCCN1,False,True,53559.44347284505,10.443472845055283
MOL_770,C=O,False,True,53558.07048679514,9.070486795146005
MOL_771,CC=O,False,True,53556.52894040564,7.528940405639594
MOL_772,CC(=O)C,False,True,53558.11835986365,9.118359863654838
MOL_773,C1CC(=O)C1,False,True,53556.14356054989,7.143560549893505
MOL_774,C#N,False,True,53558.467264116705,9.467264116705111
MOL_775,CC#N,False,True,53556.725031555245,7.725031555244426
MOL_776,CCC#N,False,True,53556.97673281352,7.976732813520309
MOL_777,C1C(C#N)C1,True,True,53575.57217319506,26.572173195061932
MOL_778,CC(C)C,False,False,53548.56994844302,-0.430051556979345
MOL_779,CC(C)CO,False,True,53558.23405606126,9.234056061260079
MOL_780,CC(C)CN,False,True,53560.79368609518,11.793686095183727
MOL_781,CC(C)C(=O)O,False,True,53557.380545102096,8.38054510209554
MOL_782,C,False,False,53547.2774002865,-1.722599713504449
MOL_783,CC,False,False,53548.89468079225,-0.1053192077542146
MOL_784,CCC,False,False,53549.92743368343,0.9274336834269628
MOL_785,CCCC,False,False,53548.030423685355,-0.9695763146428521
MOL_786,C1CC1,True,False,53566.11810753929,17.11810753929221
MOL_787,C1CCC1,False,False,53544.71698521021,-4.2830147897880835
MOL_788,C1CCCC1,False,False,53546.555744140336,-2.4442558596660264
MOL_789,C1CCCCC1,False,False,53549.85467087638,0.8546708763792141
MOL_790,O,False,True,53557.72683161594,8.72683161594509
MOL_791,CO,False,True,53555.22011386281,6.22011386281077
MOL_792,CCO,False,True,53558.84237055751,9.842370557511181
MOL_793,CCCO,False,True,53555.6424114629,6.642411462902993
MOL_794,C1CO1,True,True,53573.11971970215,24.119719702149677
MOL_795,C1CCO1,False,True,53557.65291187922,8.652911879217362
MOL_796,C1CCCO1,False,True,53555.72542937676,6.725429376761626
MOL_797,N,False,True,53553.9158181361,4.915818136104399
MOL_798,CN,False,True,53555.35845068609,6.358450686097238
MOL_799,CCN,False,True,53555.498863394445,6.498863394446605
MOL_800,CCCN,False,True,53556.50917389321,7.509173893215306
MOL_801,C1CN1,True,True,53572.62496467789,23.62496467788975
MOL_802,C1CCN1,False,True,53561.21220197122,12.212201971221928
MOL_803,C1CCCN1,False,True,53557.02952101572,8.029521015724978
MOL_804,C=O,False,True,53560.17074495628,11.170744956281169
MOL_805,CC=O,False,True,53556.268088637626,7.268088637629677
MOL_806,CC(=O)C,False,True,53558.044385104855,9.044385104855923
MOL_807,C1CC(=O)C1,False,True,53556.80892263196,7.8089226319584535
MOL_808,C#N,False,True,53555.231896563644,6.231896563646656
MOL_809,CC#N,False,True,53556.05894806255,7.058948062551554
MOL_810,CCC#N,False,True,53556.14542625688,7.145426256885612
MOL_811,C1C(C#N)C1,True,True,53570.56552476287,21.5655247628715
MOL_812,CC(C)C,False,False,53549.28419542801,0.2841954280088803
MOL_813,CC(C)CO,False,True,53555.57394717585,6.5739471758521635
MOL_814,CC(C)CN,False,True,53558.06467853499,9.064678534993462
MOL_815,CC(C)C(=O)O,False,True,53559.93889284514,10.938892845140689
MOL_816,C,False,False,53546.879887780226,-2.12011221977556
MOL_817,CC,False,False,53548.35849554326,-0.6415044567370906
MOL_818,CCC,False,False,53550.66213414295,1.6621341429473993
MOL_819,CCCC,False,False,53549.66013377619,0.6601337761887152
MOL_820,C1CC1,True,False,53567.43463532399,18.43463532398939
MOL_821,C1CCC1,False,False,53549.70124664484,0.7012466448400768
MOL_822,C1CCCC1,False,False,53546.43577013336,-2.564229866644857
MOL_823,C1CCCCC1,False,False,53548.77296184966,-0.22703815034176764
MOL_824,O,False,True,53558.40049466992,9.400494669926195
MOL_825,CO,False,True,53557.718839135945,8.718839135951242
MOL_826,CCO,False,True,53557.54447633813,8.54447633813314
MOL_827,CCCO,False,True,53556.03077565395,7.030775653948368
MOL_828,C1CO1,True,True,53572.955724744395,23.95572474439805
MOL_829,C1CCO1,False,True,53557.209736091085,8.209736091087725
MOL_830,C1CCCO1,False,True,53557.06191035794,8.06191035794349
MOL_831,N,False,True,53553.91761050973,4.917610509728126
MOL_832,CN,False,True,53555.60078724523,6.600787245232992
MOL_833,CCN,False,True,53557.712776625944,8.712776625944514
MOL_834,CCCN,False,True,53555.93213721174,6.932137211745563
MOL_835,C1CN1,True,True,53575.686095726516,26.686095726520527
MOL_836,C1CCN1,False,True,53559.452784887755,10.452784887760828
MOL_837,C1CCCN1,False,True,53553.27066739919,4.270667399193867
MOL_838,C=O,False,True,53557.36553366963,8.365533669632716
MOL_839,CC=O,False,True,53555.61710599254,6.617105992545893
MOL_840,CC(=O)C,False,True,53553.62318108239,4.623181082393296
MOL_841,C1CC(=O)C1,False,True,53556.423966929455,7.4239669294595565
MOL_842,C#N,False,True,53554.81577377748,5.815773777484851
MOL_843,CC#N,False,True,53556.386566188514,7.386566188515269
MOL_844,CCC#N,False,True,53560.077205714966,11.077205714969487
MOL_845,C1C(C#N)C1,True,True,53568.82864628595,19.828646285947116
MOL_846,CC(C)C,False,False,53550.61474322463,1.6147432246319775
MOL_847,CC(C)CO,False,True,53554.630387580706,5.6303875807083426
MOL_848,CC(C)CN,False,True,53559.10127069722,10.101270697222844
MOL_849,CC(C)C(=O)O,False,True,53553.86122855435,4.861228554350339
MOL_850,C,False,False,53549.460393635985,0.4603936359860714
MOL_851,CC,False,False,53552.342125570256,3.3421255702567896
MOL_852,CCC,False,False,53547.333838602644,-1.6661613973544687
MOL_853,CCCC,False,False,53545.017509038524,-3.982490961478299
MOL_854,C1CC1,True,False,53564.77374373319,15.773743733187603
MOL_855,C1CCC1,False,False,53547.59855990518,-1.4014400948229784
MOL_856,C1CCCC1,False,False,53549.54581448252,0.5458144825143494
MOL_857,C1CCCCC1,False,False,53546.232133173275,-2.767866826723383
MOL_858,O,False,True,53555.37966150523,6.379661505230241
MOL_859,CO,False,True,53556.04135810961,7.041358109612442
MOL_860,CCO,False,True,53557.065533393245,8.065533393247625
MOL_861,CCCO,False,True,53559.07595627144,10.075956271437882
MOL_862,C1CO1,True,True,53573.639421424945,24.63942142494814
MOL_863,C1CCO1,False,True,53555.08615675485,6.08615675485048
MOL_864,C1CCCO1,False,True,53556.60490464232,7.604904642324695
MOL_865,N,False,True,53555.47430606438,6.474306064384308
MOL_866,CN,False,True,53556.19271376886,7.192713768863865
MOL_867,CCN,False,True,53555.42229161617,6.422291616170724
MOL_868,CCCN,False,True,53557.481566859744,8.481566859745325
MOL_869,C1CN1,True,True,53575.344262767016,26.344262767019742
MOL_870,C1CCN1,False,True,53559.79380589336,10.793805893363745
MOL_871,C1CCCN1,False,True,53556.547480103916,7.5474801039184936
MOL_872,C=O,False,True,53558.46889717939,9.468897179390465
MOL_873,CC=O,False,True,53556.42246495035,7.422464950355939
MOL_874,CC(=O)C,False,True,53556.20740026801,7.207400268013476
MOL_875,C1CC(=O)C1,False,True,53553.272659931434,4.272659931434093
MOL_876,C#N,False,True,53556.832161880804,7.832161880807278
MOL_877,CC#N,False,True,53556.30296157275,7.302961572755597
MOL_878,CCC#N,False,True,53560.111728424534,11.11172842453986
MOL_879,C1C(C#N)C1,True,True,53568.44413724019,19.44413724019727
MOL_880,CC(C)C,False,False,53547.765965348764,-1.2340346512385063
MOL_881,CC(C)CO,False,True,53556.56161378608,7.561613786077538
MOL_882,CC(C)CN,False,True,53556.235168327046,7.235168327051834
MOL_883,CC(C)C(=O)O,False,True,53553.56799279327,4.567992793272877
MOL_884,C,False,False,53547.70160751675,-1.2983924832506406
MOL_885,CC,False,False,53549.27321783061,0.2732178306126272
MOL_886,CCC,False,False,53549.70136131085,0.7013613108510913
MOL_887,CCCC,False,False,53550.96754978585,1.967549785849927
MOL_888,C1CC1,True,False,53566.69573442461,17.695734424608943
MOL_889,C1CCC1,False,False,53550.49289726661,1.4928972666123268
MOL_890,C1CCCC1,False,False,53548.000204799966,-0.999795200030959
MOL_891,C1CCCCC1,False,False,53547.68368400519,-1.3163159948075611
MOL_892,O,False,True,53556.32267253759,7.3226725375980415
MOL_893,CO,False,True,53558.92713183956,9.927131839561621
MOL_894,CCO,False,True,53556.485596435705,7.48559643571032
MOL_895,CCCO,False,True,53556.60056287613,7.600562876130252
MOL_896,C1CO1,True,True,53573.65751570658,24.657515706587677
MOL_897,C1CCO1,False,True,53554.151126210476,5.15112621048214
MOL_898,C1CCCO1,False,True,53557.489128059446,8.489128059451106
MOL_899,N,False,True,53556.45827340411,7.45827340410981
MOL_900,CN,False,True,53554.56992569435,5.569925694350576
MOL_901,CCN,False,True,53554.960874153,5.960874153009298
MOL_902,CCCN,False,True,53559.95251929645,10.952519296456348
MOL_903,C1CN1,True,True,53574.88382559626,25.883825596265332
MOL_904,C1CCN1,False,True,53557.256434386174,8.25643438617623
MOL_905,C1CCCN1,False,True,53554.89366190486,5.893661904863748
MOL_906,C=O,False,True,53556.39616596475,7.396165964750166
MOL_907,CC=O,False,True,53560.85067137406,11.850671374059482
MOL_908,CC(=O)C,False,True,53554.95879872165,5.958798721655429
MOL_909,C1CC(=O)C1,False,True,53559.449090986105,10.44909098610609
MOL_910,C#N,False,True,53561.27923939029,12.279239390293743
MOL_911,CC#N,False,True,53556.233378931705,7.233378931704696
MOL_912,CCC#N,False,True,53556.18447398706,7.184473987060787
MOL_913,C1C(C#N)C1,True,True,53570.39117135557,21.391171355574947
MOL_914,CC(C)C,False,False,53549.82612921035,0.8261292103500759
MOL_915,CC(C)CO,False,True,53557.72780188916,8.727801889164024
MOL_916,CC(C)CN,False,True,53555.31288633236,6.312886332363084
MOL_917,CC(C)C(=O)O,False,True,53554.06910769174,5.06910769174686
MOL_918,C,False,False,53549.2533366432,0.2533366432070764
MOL_919,CC,False,False,53550.655181490554,1.655181490556814
MOL_920,CCC,False,False,53549.395017896735,0.39501789673731996
MOL_921,CCCC,False,False,53552.89878579923,3.8987857992309687
MOL_922,C1CC1,True,False,53562.770238593745,13.77023859374376
MOL_923,C1CCC1,False,False,53545.22578024663,-3.7742197533701285
MOL_924,C1CCCC1,False,False,53546.26993365696,-2.730066343040634
MOL_925,C1CCCCC1,False,False,53551.03664040649,2.0366404064923214
MOL_926,O,False,True,53558.45623682876,9.456236828764153
MOL_927,CO,False,True,53559.02781552739,10.027815527391764
MOL_928,CCO,False,True,53553.98476060058,4.984760600584278
MOL_929,CCCO,False,True,53555.02058635921,6.020586359214553
MOL_930,C1CO1,True,True,53574.4452710461,25.44527104610019
MOL_931,C1CCO1,False,True,53555.98039477417,6.980394774173354
MOL_932,C1CCCO1,False,True,53556.510922271256,7.510922271261039
MOL_933,N,False,True,53556.04440501041,7.044405010413369
MOL_934,CN,False,True,53559.26210514776,10.262105147767786
MOL_935,CCN,False,True,53559.67291068855,10.672910688551857
MOL_936,CCCN,False,True,53557.2520790516,8.252079051599605
MOL_937,C1CN1,True,True,53572.446956160435,23.446956160435896
MOL_938,C1CCN1,False,True,53555.49699584302,6.496995843028801
MOL_939,C1CCCN1,False,True,53556.91874259728,7.918742597281785
MOL_940,C=O,False,True,53556.896037568265,7.896037568270687
MOL_941,CC=O,False,True,53554.27406665273,5.274066652733047
MOL_942,CC(=O)C,False,True,53554.816420203824,5.816420203829224
MOL_943,C1CC(=O)C1,False,True,53556.331139875336,7.331139875341057
MOL_944,C#N,False,True,53558.30656292035,9.306562920350045
MOL_945,CC#N,False,True,53560.133778476265,11.133778476271097
MOL_946,CCC#N,False,True,53556.104976898954,7.104976898957285
MOL_947,C1C(C#N)C1,True,True,53572.65571304131,23.655713041315106
MOL_948,CC(C)C,False,False,53549.25977167598,0.2597716759776775
MOL_949,CC(C)CO,False,True,53556.77865651057,7.778656510576937
MOL_950,CC(C)CN,False,True,53554.090629535225,5.090629535224467
MOL_951,CC(C)C(=O)O,False,True,53555.214320922394,6.214320922398905
MOL_952,C,False,False,53547.401976080015,-1.5980239199852309
MOL_953,CC,False,False,53552.74388856569,3.7438885656852197
MOL_954,CCC,False,False,53549.6277234725,0.6277234724953573
MOL_955,CCCC,False,False,53550.85262710245,1.8526271024514045
MOL_956,C1CC1,True,False,53564.33059288696,15.330592886959373
MOL_957,C1CCC1,False,False,53550.22470807385,1.224708073851999
MOL_958,C1CCCC1,False,False,53549.15583305263,0.15583305263134165
MOL_959,C1CCCCC1,False,False,53550.01282512866,1.0128251286551209
MOL_960,O,False,True,53558.9295499194,9.929549919397353
MOL_961,CO,False,True,53559.84982838032,10.849828380323027
MOL_962,CCO,False,True,53560.034622531595,11.03462253159733
MOL_963,CCCO,False,True,53558.15842766421,9.158427664210082
MOL_964,C1CO1,True,True,53577.52494954687,28.524949546870403
MOL_965,C1CCO1,False,True,53553.74929497061,4.749294970612748
MOL_966,C1CCCO1,False,True,53554.116914691986,5.11691469198842
MOL_967,N,False,True,53553.22393658406,4.22393658406335
MOL_968,CN,False,True,53556.89951218333,7.899512183329111
MOL_969,CCN,False,True,53553.55562024687,4.555620246873247
MOL_970,CCCN,False,True,53558.269647182555,9.26964718255536
MOL_971,C1CN1,True,True,53568.1335331049,19.13353310490179
MOL_972,C1CCN1,False,True,53556.49229123043,7.492291230435162
MOL_973,C1CCCN1,False,True,53561.64966993098,12.649669930984548
MOL_974,C=O,False,True,53555.22600959501,6.226009595011072
MOL_975,CC=O,False,True,53559.57723513799,10.57723513799895
MOL_976,CC(=O)C,False,True,53558.03594703735,9.035947037356497
MOL_977,C1CC(=O)C1,False,True,53558.74301141934,9.743011419342166
MOL_978,C#N,False,True,53559.997835382324,10.997835382328901
MOL_979,CC#N,False,True,53558.77310528458,9.773105284580344
MOL_980,CCC#N,False,True,53557.95330546991,8.953305469918192
MOL_981,C1C(C#N)C1,True,True,53573.95644272377,24.956442723777425
MOL_982,CC(C)C,False,False,53549.15473435596,0.15473435595518695
MOL_983,CC(C)CO,False,True,53556.41015644169,7.410156441692944
MOL_984,CC(C)CN,False,True,53555.474192968126,6.474192968127136
MOL_985,CC(C)C(=O)O,False,True,53555.737434013,6.737434013001769
MOL_986,C,False,False,53548.13092694596,-0.8690730540381131
MOL_987,CC,False,False,53549.14974168868,0.14974168868020216
MOL_988,CCC,False,False,53546.725306866494,-2.2746931335076557
MOL_989,CCCC,False,False,53552.36954668693,3.3695466869289294
MOL_990,C1CC1,True,False,53565.388571960626,16.388571960627857
MOL_991,C1CCC1,False,False,53545.77514574673,-3.224854253270277
MOL_992,C1CCCC1,False,False,53553.01649096161,4.0164909616051325
MOL_993,C1CCCCC1,False,False,53545.28639133137,-3.713608668632245
MOL_994,O,False,True,53557.65809088699,8.658090886992914
MOL_995,CO,False,True,53558.87503226323,9.87503226323346
MOL_996,CCO,False,True,53556.06395141751,7.063951417517565
MOL_997,CCCO,False,True,53555.22174362917,6.221743629170426
MOL_998,C1CO1,True,True,53573.419351763965,24.419351763970496
MOL_999,C1CCO1,False,True,53556.509877423305,7.509877423309105
